setID,compound,condition,id,time,dv
DMSO,DMSO,-,1,0,-0.0091
DMSO,DMSO,-,1,50,0.129538
DMSO,DMSO,-,1,100,0.51113
DMSO,DMSO,-,1,150,0.669932
DMSO,DMSO,-,1,200,0.747792
DMSO,DMSO,-,1,250,0.757763
DMSO,DMSO,-,1,300,0.722212
DMSO,DMSO,-,1,350,0.651372
DMSO,DMSO,-,1,400,0.66293
DMSO,DMSO,-,1,450,0.620713
DMSO,DMSO,-,1,500,0.564138
DMSO,DMSO,-,1,550,0.551666
DMSO,DMSO,-,1,600,0.513277
DMSO,DMSO,-,1,650,0.433008
DMSO,DMSO,-,1,700,0.446302
DMSO,DMSO,-,1,750,0.42539
DMSO,DMSO,-,1,800,0.414261
DMSO,DMSO,-,1,850,0.389484
DMSO,DMSO,-,1,900,0.354176
DMSO,DMSO,-,1,950,0.367993
DMSO,DMSO,-,1,1000,0.30367
DMSO,DMSO,-,1,1050,0.318551
DMSO,DMSO,-,1,1100,0.317468
DMSO,DMSO,-,1,1150,0.277716
DMSO,DMSO,-,1,1200,0.283952
DMSO,DMSO,-,1,1250,0.287593
DMSO,DMSO,-,1,1300,0.26276
DMSO,DMSO,-,1,1350,0.264627
DMSO,DMSO,-,1,1400,0.268025
DMSO,DMSO,-,1,1450,0.228311
DMSO,DMSO,-,1,1500,0.256206
DMSO,DMSO,-,1,1550,0.252416
DMSO,DMSO,-,1,1600,0.229431
DMSO,DMSO,-,1,1650,0.229954
DMSO,DMSO,-,1,1700,0.246871
DMSO,DMSO,-,1,1750,0.255814
DMSO,DMSO,-,1,1800,0.162101
DMSO,DMSO,-,2,0,0.011388
DMSO,DMSO,-,2,50,0.245651
DMSO,DMSO,-,2,100,0.621299
DMSO,DMSO,-,2,150,0.801357
DMSO,DMSO,-,2,200,0.813811
DMSO,DMSO,-,2,250,0.830193
DMSO,DMSO,-,2,300,0.81466
DMSO,DMSO,-,2,350,0.795041
DMSO,DMSO,-,2,400,0.771618
DMSO,DMSO,-,2,450,0.686967
DMSO,DMSO,-,2,500,0.603944
DMSO,DMSO,-,2,550,0.587916
DMSO,DMSO,-,2,600,0.56858
DMSO,DMSO,-,2,650,0.50928
DMSO,DMSO,-,2,700,0.531978
DMSO,DMSO,-,2,750,0.510943
DMSO,DMSO,-,2,800,0.455606
DMSO,DMSO,-,2,850,0.456685
DMSO,DMSO,-,2,900,0.366444
DMSO,DMSO,-,2,950,0.388504
DMSO,DMSO,-,2,1000,0.362658
DMSO,DMSO,-,2,1050,0.361703
DMSO,DMSO,-,2,1100,0.309055
DMSO,DMSO,-,2,1150,0.312646
DMSO,DMSO,-,2,1200,0.327878
DMSO,DMSO,-,2,1250,0.334052
DMSO,DMSO,-,2,1300,0.308152
DMSO,DMSO,-,2,1350,0.301111
DMSO,DMSO,-,2,1400,0.255292
DMSO,DMSO,-,2,1450,0.310771
DMSO,DMSO,-,2,1500,0.258476
DMSO,DMSO,-,2,1550,0.277954
DMSO,DMSO,-,2,1600,0.251294
DMSO,DMSO,-,2,1650,0.271391
DMSO,DMSO,-,2,1700,0.25209
DMSO,DMSO,-,2,1750,0.265164
DMSO,DMSO,-,2,1800,0.246871
DMSO,DMSO,-,3,0,0.003231
DMSO,DMSO,-,3,50,0.269184
DMSO,DMSO,-,3,100,0.633393
DMSO,DMSO,-,3,150,0.761858
DMSO,DMSO,-,3,200,0.819414
DMSO,DMSO,-,3,250,0.78816
DMSO,DMSO,-,3,300,0.754503
DMSO,DMSO,-,3,350,0.754796
DMSO,DMSO,-,3,400,0.65975
DMSO,DMSO,-,3,450,0.643224
DMSO,DMSO,-,3,500,0.622315
DMSO,DMSO,-,3,550,0.558504
DMSO,DMSO,-,3,600,0.579927
DMSO,DMSO,-,3,650,0.47749
DMSO,DMSO,-,3,700,0.499628
DMSO,DMSO,-,3,750,0.464687
DMSO,DMSO,-,3,800,0.449702
DMSO,DMSO,-,3,850,0.40018
DMSO,DMSO,-,3,900,0.379252
DMSO,DMSO,-,3,950,0.369146
DMSO,DMSO,-,3,1000,0.354949
DMSO,DMSO,-,3,1050,0.351574
DMSO,DMSO,-,3,1100,0.356784
DMSO,DMSO,-,3,1150,0.305097
DMSO,DMSO,-,3,1200,0.249412
DMSO,DMSO,-,3,1250,0.312892
DMSO,DMSO,-,3,1300,0.259371
DMSO,DMSO,-,3,1350,0.282096
DMSO,DMSO,-,3,1400,0.266855
DMSO,DMSO,-,3,1450,0.280684
DMSO,DMSO,-,3,1500,0.262159
DMSO,DMSO,-,3,1550,0.247944
DMSO,DMSO,-,3,1600,0.249595
DMSO,DMSO,-,3,1650,0.265222
DMSO,DMSO,-,3,1700,0.23771
DMSO,DMSO,-,3,1750,0.211096
DMSO,DMSO,-,3,1800,0.222798
DMSO,DMSO,-,4,0,0.023839
DMSO,DMSO,-,4,50,0.301639
DMSO,DMSO,-,4,100,0.595645
DMSO,DMSO,-,4,150,0.724526
DMSO,DMSO,-,4,200,0.784957
DMSO,DMSO,-,4,250,0.692433
DMSO,DMSO,-,4,300,0.723869
DMSO,DMSO,-,4,350,0.715906
DMSO,DMSO,-,4,400,0.634086
DMSO,DMSO,-,4,450,0.617748
DMSO,DMSO,-,4,500,0.57003
DMSO,DMSO,-,4,550,0.524697
DMSO,DMSO,-,4,600,0.493092
DMSO,DMSO,-,4,650,0.549129
DMSO,DMSO,-,4,700,0.460679
DMSO,DMSO,-,4,750,0.4296
DMSO,DMSO,-,4,800,0.343178
DMSO,DMSO,-,4,850,0.380962
DMSO,DMSO,-,4,900,0.372436
DMSO,DMSO,-,4,950,0.357957
DMSO,DMSO,-,4,1000,0.321563
DMSO,DMSO,-,4,1050,0.337826
DMSO,DMSO,-,4,1100,0.333094
DMSO,DMSO,-,4,1150,0.324399
DMSO,DMSO,-,4,1200,0.295667
DMSO,DMSO,-,4,1250,0.333751
DMSO,DMSO,-,4,1300,0.300305
DMSO,DMSO,-,4,1350,0.23794
DMSO,DMSO,-,4,1400,0.247686
DMSO,DMSO,-,4,1450,0.248099
DMSO,DMSO,-,4,1500,0.243442
DMSO,DMSO,-,4,1550,0.259329
DMSO,DMSO,-,4,1600,0.262935
DMSO,DMSO,-,4,1650,0.248062
DMSO,DMSO,-,4,1700,0.219837
DMSO,DMSO,-,4,1750,0.205903
DMSO,DMSO,-,4,1800,0.225226
DMSO,DMSO,-,5,0,-0.00286
DMSO,DMSO,-,5,50,0.394342
DMSO,DMSO,-,5,100,0.636007
DMSO,DMSO,-,5,150,0.684736
DMSO,DMSO,-,5,200,0.719889
DMSO,DMSO,-,5,250,0.735974
DMSO,DMSO,-,5,300,0.686998
DMSO,DMSO,-,5,350,0.630475
DMSO,DMSO,-,5,400,0.623478
DMSO,DMSO,-,5,450,0.623668
DMSO,DMSO,-,5,500,0.544482
DMSO,DMSO,-,5,550,0.53893
DMSO,DMSO,-,5,600,0.524348
DMSO,DMSO,-,5,650,0.476874
DMSO,DMSO,-,5,700,0.431891
DMSO,DMSO,-,5,750,0.437386
DMSO,DMSO,-,5,800,0.38995
DMSO,DMSO,-,5,850,0.381147
DMSO,DMSO,-,5,900,0.373314
DMSO,DMSO,-,5,950,0.353218
DMSO,DMSO,-,5,1000,0.362648
DMSO,DMSO,-,5,1050,0.3528
DMSO,DMSO,-,5,1100,0.310365
DMSO,DMSO,-,5,1150,0.277607
DMSO,DMSO,-,5,1200,0.266408
DMSO,DMSO,-,5,1250,0.287113
DMSO,DMSO,-,5,1300,0.278652
DMSO,DMSO,-,5,1350,0.246578
DMSO,DMSO,-,5,1400,0.264393
DMSO,DMSO,-,5,1450,0.28255
DMSO,DMSO,-,5,1500,0.26272
DMSO,DMSO,-,5,1550,0.242453
DMSO,DMSO,-,5,1600,0.257872
DMSO,DMSO,-,5,1650,0.214105
DMSO,DMSO,-,5,1700,0.210018
DMSO,DMSO,-,5,1750,0.222205
DMSO,DMSO,-,5,1800,0.250172
DMSO,DMSO,-,6,0,0.008564
DMSO,DMSO,-,6,50,0.377397
DMSO,DMSO,-,6,100,0.554069
DMSO,DMSO,-,6,150,0.61128
DMSO,DMSO,-,6,200,0.640266
DMSO,DMSO,-,6,250,0.671792
DMSO,DMSO,-,6,300,0.60542
DMSO,DMSO,-,6,350,0.611846
DMSO,DMSO,-,6,400,0.560866
DMSO,DMSO,-,6,450,0.522368
DMSO,DMSO,-,6,500,0.534029
DMSO,DMSO,-,6,550,0.464317
DMSO,DMSO,-,6,600,0.415778
DMSO,DMSO,-,6,650,0.444491
DMSO,DMSO,-,6,700,0.411012
DMSO,DMSO,-,6,750,0.403082
DMSO,DMSO,-,6,800,0.344602
DMSO,DMSO,-,6,850,0.319815
DMSO,DMSO,-,6,900,0.357747
DMSO,DMSO,-,6,950,0.320069
DMSO,DMSO,-,6,1000,0.303876
DMSO,DMSO,-,6,1050,0.259498
DMSO,DMSO,-,6,1100,0.277625
DMSO,DMSO,-,6,1150,0.242095
DMSO,DMSO,-,6,1200,0.286278
DMSO,DMSO,-,6,1250,0.228422
DMSO,DMSO,-,6,1300,0.249517
DMSO,DMSO,-,6,1350,0.22432
DMSO,DMSO,-,6,1400,0.207151
DMSO,DMSO,-,6,1450,0.222445
DMSO,DMSO,-,6,1500,0.203811
DMSO,DMSO,-,6,1550,0.207952
DMSO,DMSO,-,6,1600,0.17504
DMSO,DMSO,-,6,1650,0.240298
DMSO,DMSO,-,6,1700,0.178868
DMSO,DMSO,-,6,1750,0.207835
DMSO,DMSO,-,6,1800,0.184376
DMSO,DMSO,-,25,0,-0.00818
DMSO,DMSO,-,25,50,0.26061
DMSO,DMSO,-,25,100,0.645613
DMSO,DMSO,-,25,150,0.708244
DMSO,DMSO,-,25,200,0.660734
DMSO,DMSO,-,25,250,0.695654
DMSO,DMSO,-,25,300,0.691069
DMSO,DMSO,-,25,350,0.598445
DMSO,DMSO,-,25,400,0.49631
DMSO,DMSO,-,25,450,0.488692
DMSO,DMSO,-,25,500,0.429413
DMSO,DMSO,-,25,550,0.42898
DMSO,DMSO,-,25,600,0.354352
DMSO,DMSO,-,25,650,0.338249
DMSO,DMSO,-,25,700,0.286771
DMSO,DMSO,-,25,750,0.328054
DMSO,DMSO,-,25,800,0.300387
DMSO,DMSO,-,25,850,0.249708
DMSO,DMSO,-,25,900,0.262275
DMSO,DMSO,-,25,950,0.239284
DMSO,DMSO,-,25,1000,0.231872
DMSO,DMSO,-,25,1050,0.193348
DMSO,DMSO,-,25,1100,0.18954
DMSO,DMSO,-,25,1150,0.192094
DMSO,DMSO,-,25,1200,0.218962
DMSO,DMSO,-,25,1250,0.188513
DMSO,DMSO,-,25,1300,0.145702
DMSO,DMSO,-,25,1350,0.170814
DMSO,DMSO,-,25,1400,0.177793
DMSO,DMSO,-,25,1450,0.214058
DMSO,DMSO,-,25,1500,0.153274
DMSO,DMSO,-,25,1550,0.177748
DMSO,DMSO,-,25,1600,0.175695
DMSO,DMSO,-,25,1650,0.200716
DMSO,DMSO,-,25,1700,0.164154
DMSO,DMSO,-,25,1750,0.16331
DMSO,DMSO,-,25,1800,0.136921
DMSO,DMSO,-,26,0,0.011827
DMSO,DMSO,-,26,50,0.414124
DMSO,DMSO,-,26,100,0.658416
DMSO,DMSO,-,26,150,0.677678
DMSO,DMSO,-,26,200,0.70426
DMSO,DMSO,-,26,250,0.660681
DMSO,DMSO,-,26,300,0.572814
DMSO,DMSO,-,26,350,0.536602
DMSO,DMSO,-,26,400,0.520771
DMSO,DMSO,-,26,450,0.473029
DMSO,DMSO,-,26,500,0.443222
DMSO,DMSO,-,26,550,0.368212
DMSO,DMSO,-,26,600,0.371094
DMSO,DMSO,-,26,650,0.360342
DMSO,DMSO,-,26,700,0.281237
DMSO,DMSO,-,26,750,0.287642
DMSO,DMSO,-,26,800,0.28007
DMSO,DMSO,-,26,850,0.280185
DMSO,DMSO,-,26,900,0.264995
DMSO,DMSO,-,26,950,0.280848
DMSO,DMSO,-,26,1000,0.222606
DMSO,DMSO,-,26,1050,0.186073
DMSO,DMSO,-,26,1100,0.202178
DMSO,DMSO,-,26,1150,0.183694
DMSO,DMSO,-,26,1200,0.216544
DMSO,DMSO,-,26,1250,0.16553
DMSO,DMSO,-,26,1300,0.186027
DMSO,DMSO,-,26,1350,0.128563
DMSO,DMSO,-,26,1400,0.215995
DMSO,DMSO,-,26,1450,0.217711
DMSO,DMSO,-,26,1500,0.155762
DMSO,DMSO,-,26,1550,0.178982
DMSO,DMSO,-,26,1600,0.172508
DMSO,DMSO,-,26,1650,0.182184
DMSO,DMSO,-,26,1700,0.110697
DMSO,DMSO,-,26,1750,0.114288
DMSO,DMSO,-,26,1800,0.117422
DMSO,DMSO,-,27,0,-0.01857
DMSO,DMSO,-,27,50,0.454774
DMSO,DMSO,-,27,100,0.722001
DMSO,DMSO,-,27,150,0.727528
DMSO,DMSO,-,27,200,0.744064
DMSO,DMSO,-,27,250,0.724865
DMSO,DMSO,-,27,300,0.628174
DMSO,DMSO,-,27,350,0.588679
DMSO,DMSO,-,27,400,0.559521
DMSO,DMSO,-,27,450,0.535511
DMSO,DMSO,-,27,500,0.45285
DMSO,DMSO,-,27,550,0.423021
DMSO,DMSO,-,27,600,0.384197
DMSO,DMSO,-,27,650,0.372248
DMSO,DMSO,-,27,700,0.342598
DMSO,DMSO,-,27,750,0.33414
DMSO,DMSO,-,27,800,0.282583
DMSO,DMSO,-,27,850,0.270433
DMSO,DMSO,-,27,900,0.222277
DMSO,DMSO,-,27,950,0.274483
DMSO,DMSO,-,27,1000,0.255776
DMSO,DMSO,-,27,1050,0.198491
DMSO,DMSO,-,27,1100,0.204197
DMSO,DMSO,-,27,1150,0.237762
DMSO,DMSO,-,27,1200,0.194239
DMSO,DMSO,-,27,1250,0.24226
DMSO,DMSO,-,27,1300,0.220957
DMSO,DMSO,-,27,1350,0.197685
DMSO,DMSO,-,27,1400,0.17533
DMSO,DMSO,-,27,1450,0.14953
DMSO,DMSO,-,27,1500,0.161904
DMSO,DMSO,-,27,1550,0.133284
DMSO,DMSO,-,27,1600,0.13899
DMSO,DMSO,-,27,1650,0.156914
DMSO,DMSO,-,27,1700,0.131046
DMSO,DMSO,-,27,1750,0.155818
DMSO,DMSO,-,27,1800,0.129994
DMSO,DMSO,-,28,0,-0.00636
DMSO,DMSO,-,28,50,0.45627
DMSO,DMSO,-,28,100,0.586443
DMSO,DMSO,-,28,150,0.661252
DMSO,DMSO,-,28,200,0.604036
DMSO,DMSO,-,28,250,0.612729
DMSO,DMSO,-,28,300,0.579282
DMSO,DMSO,-,28,350,0.544531
DMSO,DMSO,-,28,400,0.486903
DMSO,DMSO,-,28,450,0.423578
DMSO,DMSO,-,28,500,0.417858
DMSO,DMSO,-,28,550,0.390131
DMSO,DMSO,-,28,600,0.354121
DMSO,DMSO,-,28,650,0.298575
DMSO,DMSO,-,28,700,0.271511
DMSO,DMSO,-,28,750,0.278809
DMSO,DMSO,-,28,800,0.24408
DMSO,DMSO,-,28,850,0.227586
DMSO,DMSO,-,28,900,0.225023
DMSO,DMSO,-,28,950,0.227426
DMSO,DMSO,-,28,1000,0.20464
DMSO,DMSO,-,28,1050,0.207545
DMSO,DMSO,-,28,1100,0.232207
DMSO,DMSO,-,28,1150,0.192743
DMSO,DMSO,-,28,1200,0.138958
DMSO,DMSO,-,28,1250,0.161721
DMSO,DMSO,-,28,1300,0.236119
DMSO,DMSO,-,28,1350,0.200361
DMSO,DMSO,-,28,1400,0.113747
DMSO,DMSO,-,28,1450,0.122143
DMSO,DMSO,-,28,1500,0.134611
DMSO,DMSO,-,28,1550,0.155476
DMSO,DMSO,-,28,1600,0.154767
DMSO,DMSO,-,28,1650,0.130333
DMSO,DMSO,-,28,1700,0.152662
DMSO,DMSO,-,28,1750,0.148063
DMSO,DMSO,-,28,1800,0.128183
DMSO,DMSO,-,29,0,-8.00E-04
DMSO,DMSO,-,29,50,0.625633
DMSO,DMSO,-,29,100,0.827311
DMSO,DMSO,-,29,150,0.897519
DMSO,DMSO,-,29,200,0.837256
DMSO,DMSO,-,29,250,0.794703
DMSO,DMSO,-,29,300,0.743244
DMSO,DMSO,-,29,350,0.669388
DMSO,DMSO,-,29,400,0.623859
DMSO,DMSO,-,29,450,0.582631
DMSO,DMSO,-,29,500,0.5187
DMSO,DMSO,-,29,550,0.499441
DMSO,DMSO,-,29,600,0.454239
DMSO,DMSO,-,29,650,0.399499
DMSO,DMSO,-,29,700,0.406
DMSO,DMSO,-,29,750,0.359412
DMSO,DMSO,-,29,800,0.311315
DMSO,DMSO,-,29,850,0.325765
DMSO,DMSO,-,29,900,0.291853
DMSO,DMSO,-,29,950,0.303938
DMSO,DMSO,-,29,1000,0.266786
DMSO,DMSO,-,29,1050,0.254925
DMSO,DMSO,-,29,1100,0.267295
DMSO,DMSO,-,29,1150,0.252377
DMSO,DMSO,-,29,1200,0.224722
DMSO,DMSO,-,29,1250,0.236399
DMSO,DMSO,-,29,1300,0.194091
DMSO,DMSO,-,29,1350,0.200551
DMSO,DMSO,-,29,1400,0.202936
DMSO,DMSO,-,29,1450,0.196639
DMSO,DMSO,-,29,1500,0.210762
DMSO,DMSO,-,29,1550,0.150417
DMSO,DMSO,-,29,1600,0.169268
DMSO,DMSO,-,29,1650,0.162828
DMSO,DMSO,-,29,1700,0.164826
DMSO,DMSO,-,29,1750,0.139066
DMSO,DMSO,-,29,1800,0.125656
DMSO,DMSO,-,30,0,-0.01203
DMSO,DMSO,-,30,50,0.49856
DMSO,DMSO,-,30,100,0.588081
DMSO,DMSO,-,30,150,0.61379
DMSO,DMSO,-,30,200,0.595337
DMSO,DMSO,-,30,250,0.530397
DMSO,DMSO,-,30,300,0.538506
DMSO,DMSO,-,30,350,0.467046
DMSO,DMSO,-,30,400,0.442305
DMSO,DMSO,-,30,450,0.362805
DMSO,DMSO,-,30,500,0.37407
DMSO,DMSO,-,30,550,0.335852
DMSO,DMSO,-,30,600,0.293349
DMSO,DMSO,-,30,650,0.284734
DMSO,DMSO,-,30,700,0.247299
DMSO,DMSO,-,30,750,0.25444
DMSO,DMSO,-,30,800,0.250754
DMSO,DMSO,-,30,850,0.202562
DMSO,DMSO,-,30,900,0.178465
DMSO,DMSO,-,30,950,0.21438
DMSO,DMSO,-,30,1000,0.152572
DMSO,DMSO,-,30,1050,0.167546
DMSO,DMSO,-,30,1100,0.172614
DMSO,DMSO,-,30,1150,0.141883
DMSO,DMSO,-,30,1200,0.175701
DMSO,DMSO,-,30,1250,0.132784
DMSO,DMSO,-,30,1300,0.139326
DMSO,DMSO,-,30,1350,0.109816
DMSO,DMSO,-,30,1400,0.130388
DMSO,DMSO,-,30,1450,0.126633
DMSO,DMSO,-,30,1500,0.111682
DMSO,DMSO,-,30,1550,0.09892
DMSO,DMSO,-,30,1600,0.086065
DMSO,DMSO,-,30,1650,0.116289
DMSO,DMSO,-,30,1700,0.11205
DMSO,DMSO,-,30,1750,0.136354
DMSO,DMSO,-,30,1800,0.094381
DMSO,DMSO,-,55,0,0.002589
DMSO,DMSO,-,55,50,0.138782
DMSO,DMSO,-,55,100,0.479781
DMSO,DMSO,-,55,150,0.649408
DMSO,DMSO,-,55,200,0.741249
DMSO,DMSO,-,55,250,0.746411
DMSO,DMSO,-,55,300,0.74379
DMSO,DMSO,-,55,350,0.776786
DMSO,DMSO,-,55,400,0.690107
DMSO,DMSO,-,55,450,0.713097
DMSO,DMSO,-,55,500,0.595089
DMSO,DMSO,-,55,550,0.592389
DMSO,DMSO,-,55,600,0.644206
DMSO,DMSO,-,55,650,0.541287
DMSO,DMSO,-,55,700,0.460961
DMSO,DMSO,-,55,750,0.467711
DMSO,DMSO,-,55,800,0.426654
DMSO,DMSO,-,55,850,0.385717
DMSO,DMSO,-,55,900,0.367452
DMSO,DMSO,-,55,950,0.375314
DMSO,DMSO,-,55,1000,0.331478
DMSO,DMSO,-,55,1050,0.297687
DMSO,DMSO,-,55,1100,0.266161
DMSO,DMSO,-,55,1150,0.331835
DMSO,DMSO,-,55,1200,0.294471
DMSO,DMSO,-,55,1250,0.23642
DMSO,DMSO,-,55,1300,0.276762
DMSO,DMSO,-,55,1350,0.243488
DMSO,DMSO,-,55,1400,0.188018
DMSO,DMSO,-,55,1450,0.236262
DMSO,DMSO,-,55,1500,0.220577
DMSO,DMSO,-,55,1550,0.197707
DMSO,DMSO,-,55,1600,0.241225
DMSO,DMSO,-,55,1650,0.205171
DMSO,DMSO,-,55,1700,0.189527
DMSO,DMSO,-,55,1750,0.139775
DMSO,DMSO,-,55,1800,0.170825
DMSO,DMSO,-,56,0,-0.0101
DMSO,DMSO,-,56,50,0.212419
DMSO,DMSO,-,56,100,0.527448
DMSO,DMSO,-,56,150,0.623696
DMSO,DMSO,-,56,200,0.679478
DMSO,DMSO,-,56,250,0.711777
DMSO,DMSO,-,56,300,0.754924
DMSO,DMSO,-,56,350,0.722137
DMSO,DMSO,-,56,400,0.725713
DMSO,DMSO,-,56,450,0.727013
DMSO,DMSO,-,56,500,0.683947
DMSO,DMSO,-,56,550,0.631984
DMSO,DMSO,-,56,600,0.627881
DMSO,DMSO,-,56,650,0.566857
DMSO,DMSO,-,56,700,0.576446
DMSO,DMSO,-,56,750,0.525579
DMSO,DMSO,-,56,800,0.473291
DMSO,DMSO,-,56,850,0.517129
DMSO,DMSO,-,56,900,0.520826
DMSO,DMSO,-,56,950,0.414015
DMSO,DMSO,-,56,1000,0.419215
DMSO,DMSO,-,56,1050,0.426
DMSO,DMSO,-,56,1100,0.34706
DMSO,DMSO,-,56,1150,0.323862
DMSO,DMSO,-,56,1200,0.344054
DMSO,DMSO,-,56,1250,0.311226
DMSO,DMSO,-,56,1300,0.289653
DMSO,DMSO,-,56,1350,0.28884
DMSO,DMSO,-,56,1400,0.292659
DMSO,DMSO,-,56,1450,0.267795
DMSO,DMSO,-,56,1500,0.251259
DMSO,DMSO,-,56,1550,0.237974
DMSO,DMSO,-,56,1600,0.243825
DMSO,DMSO,-,56,1650,0.239152
DMSO,DMSO,-,56,1700,0.209128
DMSO,DMSO,-,56,1750,0.18142
DMSO,DMSO,-,56,1800,0.18788
DMSO,DMSO,-,57,0,-0.00127
DMSO,DMSO,-,57,50,0.30373
DMSO,DMSO,-,57,100,0.519993
DMSO,DMSO,-,57,150,0.732018
DMSO,DMSO,-,57,200,0.762249
DMSO,DMSO,-,57,250,0.710669
DMSO,DMSO,-,57,300,0.712706
DMSO,DMSO,-,57,350,0.680071
DMSO,DMSO,-,57,400,0.727251
DMSO,DMSO,-,57,450,0.776183
DMSO,DMSO,-,57,500,0.636965
DMSO,DMSO,-,57,550,0.59223
DMSO,DMSO,-,57,600,0.604819
DMSO,DMSO,-,57,650,0.527611
DMSO,DMSO,-,57,700,0.563547
DMSO,DMSO,-,57,750,0.524148
DMSO,DMSO,-,57,800,0.469716
DMSO,DMSO,-,57,850,0.403835
DMSO,DMSO,-,57,900,0.40086
DMSO,DMSO,-,57,950,0.366433
DMSO,DMSO,-,57,1000,0.324508
DMSO,DMSO,-,57,1050,0.323286
DMSO,DMSO,-,57,1100,0.311674
DMSO,DMSO,-,57,1150,0.285518
DMSO,DMSO,-,57,1200,0.303974
DMSO,DMSO,-,57,1250,0.27521
DMSO,DMSO,-,57,1300,0.325934
DMSO,DMSO,-,57,1350,0.258709
DMSO,DMSO,-,57,1400,0.323001
DMSO,DMSO,-,57,1450,0.234833
DMSO,DMSO,-,57,1500,0.203462
DMSO,DMSO,-,57,1550,0.221022
DMSO,DMSO,-,57,1600,0.292444
DMSO,DMSO,-,57,1650,0.257405
DMSO,DMSO,-,57,1700,0.170175
DMSO,DMSO,-,57,1750,0.204725
DMSO,DMSO,-,57,1800,0.182601
DMSO,DMSO,-,58,0,-0.03797
DMSO,DMSO,-,58,50,0.339581
DMSO,DMSO,-,58,100,0.546474
DMSO,DMSO,-,58,150,0.646162
DMSO,DMSO,-,58,200,0.817412
DMSO,DMSO,-,58,250,0.710524
DMSO,DMSO,-,58,300,0.701386
DMSO,DMSO,-,58,350,0.698617
DMSO,DMSO,-,58,400,0.756136
DMSO,DMSO,-,58,450,0.636431
DMSO,DMSO,-,58,500,0.775757
DMSO,DMSO,-,58,550,0.546315
DMSO,DMSO,-,58,600,0.537336
DMSO,DMSO,-,58,650,0.571396
DMSO,DMSO,-,58,700,0.53876
DMSO,DMSO,-,58,750,0.465734
DMSO,DMSO,-,58,800,0.466288
DMSO,DMSO,-,58,850,0.423881
DMSO,DMSO,-,58,900,0.414149
DMSO,DMSO,-,58,950,0.406396
DMSO,DMSO,-,58,1000,0.351844
DMSO,DMSO,-,58,1050,0.357897
DMSO,DMSO,-,58,1100,0.300853
DMSO,DMSO,-,58,1150,0.262876
DMSO,DMSO,-,58,1200,0.29575
DMSO,DMSO,-,58,1250,0.44999
DMSO,DMSO,-,58,1300,0.315846
DMSO,DMSO,-,58,1350,0.31727
DMSO,DMSO,-,58,1400,0.247923
DMSO,DMSO,-,58,1450,0.194598
DMSO,DMSO,-,58,1500,0.283526
DMSO,DMSO,-,58,1550,0.280638
DMSO,DMSO,-,58,1600,0.210698
DMSO,DMSO,-,58,1650,0.172128
DMSO,DMSO,-,58,1700,0.221102
DMSO,DMSO,-,58,1750,0.224623
DMSO,DMSO,-,58,1800,0.179486
DMSO,DMSO,-,59,0,0.007453
DMSO,DMSO,-,59,50,0.405407
DMSO,DMSO,-,59,100,0.551737
DMSO,DMSO,-,59,150,0.734705
DMSO,DMSO,-,59,200,0.682429
DMSO,DMSO,-,59,250,0.807981
DMSO,DMSO,-,59,300,0.712412
DMSO,DMSO,-,59,350,0.68912
DMSO,DMSO,-,59,400,0.714149
DMSO,DMSO,-,59,450,0.700655
DMSO,DMSO,-,59,500,0.655551
DMSO,DMSO,-,59,550,0.565934
DMSO,DMSO,-,59,600,0.654922
DMSO,DMSO,-,59,650,0.580241
DMSO,DMSO,-,59,700,0.52534
DMSO,DMSO,-,59,750,0.519794
DMSO,DMSO,-,59,800,0.501494
DMSO,DMSO,-,59,850,0.435723
DMSO,DMSO,-,59,900,0.431027
DMSO,DMSO,-,59,950,0.388881
DMSO,DMSO,-,59,1000,0.387661
DMSO,DMSO,-,59,1050,0.424557
DMSO,DMSO,-,59,1100,0.344664
DMSO,DMSO,-,59,1150,0.288172
DMSO,DMSO,-,59,1200,0.349581
DMSO,DMSO,-,59,1250,0.317638
DMSO,DMSO,-,59,1300,0.26965
DMSO,DMSO,-,59,1350,0.245249
DMSO,DMSO,-,59,1400,0.301334
DMSO,DMSO,-,59,1450,0.254418
DMSO,DMSO,-,59,1500,0.239075
DMSO,DMSO,-,59,1550,0.233012
DMSO,DMSO,-,59,1600,0.218445
DMSO,DMSO,-,59,1650,0.213935
DMSO,DMSO,-,59,1700,0.240332
DMSO,DMSO,-,59,1750,0.173008
DMSO,DMSO,-,59,1800,0.164061
DMSO,DMSO,-,61,0,-0.02911
DMSO,DMSO,-,61,50,0.147294
DMSO,DMSO,-,61,100,0.316443
DMSO,DMSO,-,61,150,0.46741
DMSO,DMSO,-,61,200,0.480985
DMSO,DMSO,-,61,250,0.440469
DMSO,DMSO,-,61,300,0.430419
DMSO,DMSO,-,61,350,0.407927
DMSO,DMSO,-,61,400,0.373972
DMSO,DMSO,-,61,450,0.325429
DMSO,DMSO,-,61,500,0.357011
DMSO,DMSO,-,61,550,0.312238
DMSO,DMSO,-,61,600,0.306584
DMSO,DMSO,-,61,650,0.271966
DMSO,DMSO,-,61,700,0.281859
DMSO,DMSO,-,61,750,0.229862
DMSO,DMSO,-,61,800,0.231746
DMSO,DMSO,-,61,850,0.197861
DMSO,DMSO,-,61,900,0.177655
DMSO,DMSO,-,61,950,0.185298
DMSO,DMSO,-,61,1000,0.172194
DMSO,DMSO,-,61,1050,0.204299
DMSO,DMSO,-,61,1100,0.182488
DMSO,DMSO,-,61,1150,0.174567
DMSO,DMSO,-,61,1200,0.168215
DMSO,DMSO,-,61,1250,0.132916
DMSO,DMSO,-,61,1300,0.130683
DMSO,DMSO,-,61,1350,0.111646
DMSO,DMSO,-,61,1400,0.099816
DMSO,DMSO,-,61,1450,0.121592
DMSO,DMSO,-,61,1500,0.089748
DMSO,DMSO,-,61,1550,0.100653
DMSO,DMSO,-,61,1600,0.129776
DMSO,DMSO,-,61,1650,0.134399
DMSO,DMSO,-,61,1700,0.075649
DMSO,DMSO,-,61,1750,0.093534
DMSO,DMSO,-,61,1800,0.101107
DMSO,DMSO,-,62,0,-0.00773
DMSO,DMSO,-,62,50,0.160192
DMSO,DMSO,-,62,100,0.426844
DMSO,DMSO,-,62,150,0.495013
DMSO,DMSO,-,62,200,0.466071
DMSO,DMSO,-,62,250,0.470005
DMSO,DMSO,-,62,300,0.469401
DMSO,DMSO,-,62,350,0.491503
DMSO,DMSO,-,62,400,0.426224
DMSO,DMSO,-,62,450,0.386818
DMSO,DMSO,-,62,500,0.399648
DMSO,DMSO,-,62,550,0.323416
DMSO,DMSO,-,62,600,0.327186
DMSO,DMSO,-,62,650,0.317931
DMSO,DMSO,-,62,700,0.268649
DMSO,DMSO,-,62,750,0.268077
DMSO,DMSO,-,62,800,0.218159
DMSO,DMSO,-,62,850,0.262087
DMSO,DMSO,-,62,900,0.223627
DMSO,DMSO,-,62,950,0.173496
DMSO,DMSO,-,62,1000,0.16793
DMSO,DMSO,-,62,1050,0.192318
DMSO,DMSO,-,62,1100,0.180467
DMSO,DMSO,-,62,1150,0.173447
DMSO,DMSO,-,62,1200,0.15092
DMSO,DMSO,-,62,1250,0.115269
DMSO,DMSO,-,62,1300,0.147884
DMSO,DMSO,-,62,1350,0.181169
DMSO,DMSO,-,62,1400,0.156503
DMSO,DMSO,-,62,1450,0.136049
DMSO,DMSO,-,62,1500,0.111302
DMSO,DMSO,-,62,1550,0.135609
DMSO,DMSO,-,62,1600,0.142807
DMSO,DMSO,-,62,1650,0.109866
DMSO,DMSO,-,62,1700,0.100643
DMSO,DMSO,-,62,1750,0.093574
DMSO,DMSO,-,62,1800,0.123333
DMSO,DMSO,-,63,0,-0.01507
DMSO,DMSO,-,63,50,0.163375
DMSO,DMSO,-,63,100,0.303127
DMSO,DMSO,-,63,150,0.429372
DMSO,DMSO,-,63,200,0.470834
DMSO,DMSO,-,63,250,0.413748
DMSO,DMSO,-,63,300,0.39522
DMSO,DMSO,-,63,350,0.32087
DMSO,DMSO,-,63,400,0.366378
DMSO,DMSO,-,63,450,0.301693
DMSO,DMSO,-,63,500,0.283916
DMSO,DMSO,-,63,550,0.263374
DMSO,DMSO,-,63,600,0.252052
DMSO,DMSO,-,63,650,0.267301
DMSO,DMSO,-,63,700,0.213255
DMSO,DMSO,-,63,750,0.214979
DMSO,DMSO,-,63,800,0.199423
DMSO,DMSO,-,63,850,0.173023
DMSO,DMSO,-,63,900,0.142046
DMSO,DMSO,-,63,950,0.147733
DMSO,DMSO,-,63,1000,0.144898
DMSO,DMSO,-,63,1050,0.157227
DMSO,DMSO,-,63,1100,0.107774
DMSO,DMSO,-,63,1150,0.13274
DMSO,DMSO,-,63,1200,0.133816
DMSO,DMSO,-,63,1250,0.127241
DMSO,DMSO,-,63,1300,0.149936
DMSO,DMSO,-,63,1350,0.127463
DMSO,DMSO,-,63,1400,0.146845
DMSO,DMSO,-,63,1450,0.060729
DMSO,DMSO,-,63,1500,0.103949
DMSO,DMSO,-,63,1550,0.091962
DMSO,DMSO,-,63,1600,0.070001
DMSO,DMSO,-,63,1650,0.101695
DMSO,DMSO,-,63,1700,0.129427
DMSO,DMSO,-,63,1750,0.088888
DMSO,DMSO,-,63,1800,0.077993
DMSO,DMSO,-,64,0,0.010328
DMSO,DMSO,-,64,50,0.155154
DMSO,DMSO,-,64,100,0.36881
DMSO,DMSO,-,64,150,0.376609
DMSO,DMSO,-,64,200,0.359879
DMSO,DMSO,-,64,250,0.377564
DMSO,DMSO,-,64,300,0.395656
DMSO,DMSO,-,64,350,0.375973
DMSO,DMSO,-,64,400,0.384939
DMSO,DMSO,-,64,450,0.291826
DMSO,DMSO,-,64,500,0.288642
DMSO,DMSO,-,64,550,0.256738
DMSO,DMSO,-,64,600,0.305001
DMSO,DMSO,-,64,650,0.263795
DMSO,DMSO,-,64,700,0.227363
DMSO,DMSO,-,64,750,0.259833
DMSO,DMSO,-,64,800,0.167445
DMSO,DMSO,-,64,850,0.231819
DMSO,DMSO,-,64,900,0.227663
DMSO,DMSO,-,64,950,0.206229
DMSO,DMSO,-,64,1000,0.179665
DMSO,DMSO,-,64,1050,0.202957
DMSO,DMSO,-,64,1100,0.208139
DMSO,DMSO,-,64,1150,0.144489
DMSO,DMSO,-,64,1200,0.198023
DMSO,DMSO,-,64,1250,0.174837
DMSO,DMSO,-,64,1300,0.16771
DMSO,DMSO,-,64,1350,0.147796
DMSO,DMSO,-,64,1400,0.189994
DMSO,DMSO,-,64,1450,0.147637
DMSO,DMSO,-,64,1500,0.131278
DMSO,DMSO,-,64,1550,0.114389
DMSO,DMSO,-,64,1600,0.169178
DMSO,DMSO,-,64,1650,0.143906
DMSO,DMSO,-,64,1700,0.1441
DMSO,DMSO,-,64,1750,0.119571
DMSO,DMSO,-,64,1800,0.126928
DMSO,DMSO,-,65,0,0.020269
DMSO,DMSO,-,65,50,0.232271
DMSO,DMSO,-,65,100,0.349421
DMSO,DMSO,-,65,150,0.415016
DMSO,DMSO,-,65,200,0.416191
DMSO,DMSO,-,65,250,0.463029
DMSO,DMSO,-,65,300,0.441567
DMSO,DMSO,-,65,350,0.437012
DMSO,DMSO,-,65,400,0.447031
DMSO,DMSO,-,65,450,0.404748
DMSO,DMSO,-,65,500,0.361308
DMSO,DMSO,-,65,550,0.35177
DMSO,DMSO,-,65,600,0.353976
DMSO,DMSO,-,65,650,0.320467
DMSO,DMSO,-,65,700,0.29541
DMSO,DMSO,-,65,750,0.28904
DMSO,DMSO,-,65,800,0.334775
DMSO,DMSO,-,65,850,0.278238
DMSO,DMSO,-,65,900,0.277882
DMSO,DMSO,-,65,950,0.248447
DMSO,DMSO,-,65,1000,0.270158
DMSO,DMSO,-,65,1050,0.24213
DMSO,DMSO,-,65,1100,0.230064
DMSO,DMSO,-,65,1150,0.204901
DMSO,DMSO,-,65,1200,0.227003
DMSO,DMSO,-,65,1250,0.214084
DMSO,DMSO,-,65,1300,0.173972
DMSO,DMSO,-,65,1350,0.190896
DMSO,DMSO,-,65,1400,0.238588
DMSO,DMSO,-,65,1450,0.165893
DMSO,DMSO,-,65,1500,0.191483
DMSO,DMSO,-,65,1550,0.197729
DMSO,DMSO,-,65,1600,0.186411
DMSO,DMSO,-,65,1650,0.188653
DMSO,DMSO,-,65,1700,0.137597
DMSO,DMSO,-,65,1750,0.125799
DMSO,DMSO,-,65,1800,0.150588
DMSO,DMSO,-,66,0,0.00267
DMSO,DMSO,-,66,50,0.276797
DMSO,DMSO,-,66,100,0.418123
DMSO,DMSO,-,66,150,0.475045
DMSO,DMSO,-,66,200,0.466484
DMSO,DMSO,-,66,250,0.484497
DMSO,DMSO,-,66,300,0.49361
DMSO,DMSO,-,66,350,0.479104
DMSO,DMSO,-,66,400,0.40723
DMSO,DMSO,-,66,450,0.428749
DMSO,DMSO,-,66,500,0.385479
DMSO,DMSO,-,66,550,0.354954
DMSO,DMSO,-,66,600,0.313446
DMSO,DMSO,-,66,650,0.286124
DMSO,DMSO,-,66,700,0.32918
DMSO,DMSO,-,66,750,0.308444
DMSO,DMSO,-,66,800,0.284522
DMSO,DMSO,-,66,850,0.299295
DMSO,DMSO,-,66,900,0.240397
DMSO,DMSO,-,66,950,0.24426
DMSO,DMSO,-,66,1000,0.216582
DMSO,DMSO,-,66,1050,0.236161
DMSO,DMSO,-,66,1100,0.251112
DMSO,DMSO,-,66,1150,0.19209
DMSO,DMSO,-,66,1200,0.182461
DMSO,DMSO,-,66,1250,0.234043
DMSO,DMSO,-,66,1300,0.214446
DMSO,DMSO,-,66,1350,0.210494
DMSO,DMSO,-,66,1400,0.169467
DMSO,DMSO,-,66,1450,0.170464
DMSO,DMSO,-,66,1500,0.161653
DMSO,DMSO,-,66,1550,0.166228
DMSO,DMSO,-,66,1600,0.167509
DMSO,DMSO,-,66,1650,0.144904
DMSO,DMSO,-,66,1700,0.155441
DMSO,DMSO,-,66,1750,0.164234
DMSO,DMSO,-,66,1800,0.20608
DMSO,DMSO,-,79,0,0.024206
DMSO,DMSO,-,79,50,0.190712
DMSO,DMSO,-,79,100,0.520114
DMSO,DMSO,-,79,150,0.593127
DMSO,DMSO,-,79,200,0.564706
DMSO,DMSO,-,79,250,0.611645
DMSO,DMSO,-,79,300,0.611803
DMSO,DMSO,-,79,350,0.560398
DMSO,DMSO,-,79,400,0.529046
DMSO,DMSO,-,79,450,0.497784
DMSO,DMSO,-,79,500,0.443763
DMSO,DMSO,-,79,550,0.391186
DMSO,DMSO,-,79,600,0.403546
DMSO,DMSO,-,79,650,0.324263
DMSO,DMSO,-,79,700,0.319482
DMSO,DMSO,-,79,750,0.276152
DMSO,DMSO,-,79,800,0.303467
DMSO,DMSO,-,79,850,0.2824
DMSO,DMSO,-,79,900,0.267965
DMSO,DMSO,-,79,950,0.267288
DMSO,DMSO,-,79,1000,0.234515
DMSO,DMSO,-,79,1050,0.174832
DMSO,DMSO,-,79,1100,0.204087
DMSO,DMSO,-,79,1150,0.194298
DMSO,DMSO,-,79,1200,0.204087
DMSO,DMSO,-,79,1250,0.198132
DMSO,DMSO,-,79,1300,0.214959
DMSO,DMSO,-,79,1350,0.190576
DMSO,DMSO,-,79,1400,0.164164
DMSO,DMSO,-,79,1450,0.257296
DMSO,DMSO,-,79,1500,0.136533
DMSO,DMSO,-,79,1550,0.178171
DMSO,DMSO,-,79,1600,0.17675
DMSO,DMSO,-,79,1650,0.205034
DMSO,DMSO,-,79,1700,0.167705
DMSO,DMSO,-,79,1750,0.189291
DMSO,DMSO,-,79,1800,0.162337
DMSO,DMSO,-,80,0,-0.05616
DMSO,DMSO,-,80,50,0.22533
DMSO,DMSO,-,80,100,0.3707
DMSO,DMSO,-,80,150,0.407669
DMSO,DMSO,-,80,200,0.464707
DMSO,DMSO,-,80,250,0.608835
DMSO,DMSO,-,80,300,0.554174
DMSO,DMSO,-,80,350,0.516284
DMSO,DMSO,-,80,400,0.58506
DMSO,DMSO,-,80,450,0.483706
DMSO,DMSO,-,80,500,0.586987
DMSO,DMSO,-,80,550,0.383016
DMSO,DMSO,-,80,600,0.376269
DMSO,DMSO,-,80,650,0.342363
DMSO,DMSO,-,80,700,0.308628
DMSO,DMSO,-,80,750,0.356156
DMSO,DMSO,-,80,800,0.294641
DMSO,DMSO,-,80,850,0.215777
DMSO,DMSO,-,80,900,0.280205
DMSO,DMSO,-,80,950,0.307
DMSO,DMSO,-,80,1000,0.229057
DMSO,DMSO,-,80,1050,0.232591
DMSO,DMSO,-,80,1100,0.232077
DMSO,DMSO,-,80,1150,0.220189
DMSO,DMSO,-,80,1200,0.205132
DMSO,DMSO,-,80,1250,0.227022
DMSO,DMSO,-,80,1300,0.163065
DMSO,DMSO,-,80,1350,0.168334
DMSO,DMSO,-,80,1400,0.208366
DMSO,DMSO,-,80,1450,0.174546
DMSO,DMSO,-,80,1500,0.122691
DMSO,DMSO,-,80,1550,0.254674
DMSO,DMSO,-,80,1600,0.205796
DMSO,DMSO,-,80,1650,0.193973
DMSO,DMSO,-,80,1700,0.145202
DMSO,DMSO,-,80,1750,0.136249
DMSO,DMSO,-,80,1800,0.108769
DMSO,DMSO,-,81,0,0.006811
DMSO,DMSO,-,81,50,0.357434
DMSO,DMSO,-,81,100,0.422344
DMSO,DMSO,-,81,150,0.54117
DMSO,DMSO,-,81,200,0.568042
DMSO,DMSO,-,81,250,0.530377
DMSO,DMSO,-,81,300,0.558489
DMSO,DMSO,-,81,350,0.487848
DMSO,DMSO,-,81,400,0.459289
DMSO,DMSO,-,81,450,0.489535
DMSO,DMSO,-,81,500,0.474052
DMSO,DMSO,-,81,550,0.402221
DMSO,DMSO,-,81,600,0.325203
DMSO,DMSO,-,81,650,0.329917
DMSO,DMSO,-,81,700,0.338254
DMSO,DMSO,-,81,750,0.350363
DMSO,DMSO,-,81,800,0.277663
DMSO,DMSO,-,81,850,0.301185
DMSO,DMSO,-,81,900,0.264363
DMSO,DMSO,-,81,950,0.273345
DMSO,DMSO,-,81,1000,0.214391
DMSO,DMSO,-,81,1050,0.227294
DMSO,DMSO,-,81,1100,0.205484
DMSO,DMSO,-,81,1150,0.206029
DMSO,DMSO,-,81,1200,0.2
DMSO,DMSO,-,81,1250,0.244563
DMSO,DMSO,-,81,1300,0.198263
DMSO,DMSO,-,81,1350,0.212902
DMSO,DMSO,-,81,1400,0.208263
DMSO,DMSO,-,81,1450,0.177644
DMSO,DMSO,-,81,1500,0.184964
DMSO,DMSO,-,81,1550,0.152137
DMSO,DMSO,-,81,1600,0.212902
DMSO,DMSO,-,81,1650,0.124248
DMSO,DMSO,-,81,1700,0.157943
DMSO,DMSO,-,81,1750,0.137498
DMSO,DMSO,-,81,1800,0.206476
DMSO,DMSO,-,82,0,0.090651
DMSO,DMSO,-,82,50,0.412157
DMSO,DMSO,-,82,100,0.558716
DMSO,DMSO,-,82,150,0.659121
DMSO,DMSO,-,82,200,0.639695
DMSO,DMSO,-,82,250,0.693264
DMSO,DMSO,-,82,300,0.679389
DMSO,DMSO,-,82,350,0.664558
DMSO,DMSO,-,82,400,0.637784
DMSO,DMSO,-,82,450,0.62193
DMSO,DMSO,-,82,500,0.564198
DMSO,DMSO,-,82,550,0.5773
DMSO,DMSO,-,82,600,0.454239
DMSO,DMSO,-,82,650,0.476349
DMSO,DMSO,-,82,700,0.41566
DMSO,DMSO,-,82,750,0.439248
DMSO,DMSO,-,82,800,0.446255
DMSO,DMSO,-,82,850,0.41434
DMSO,DMSO,-,82,900,0.400374
DMSO,DMSO,-,82,950,0.373077
DMSO,DMSO,-,82,1000,0.367868
DMSO,DMSO,-,82,1050,0.304131
DMSO,DMSO,-,82,1100,0.327401
DMSO,DMSO,-,82,1150,0.325855
DMSO,DMSO,-,82,1200,0.29617
DMSO,DMSO,-,82,1250,0.243647
DMSO,DMSO,-,82,1300,0.25841
DMSO,DMSO,-,82,1350,0.272695
DMSO,DMSO,-,82,1400,0.274742
DMSO,DMSO,-,82,1450,0.222424
DMSO,DMSO,-,82,1500,0.265461
DMSO,DMSO,-,82,1550,0.218011
DMSO,DMSO,-,82,1600,0.262027
DMSO,DMSO,-,82,1650,0.246854
DMSO,DMSO,-,82,1700,0.244102
DMSO,DMSO,-,82,1750,0.228998
DMSO,DMSO,-,82,1800,0.170902
DMSO,DMSO,-,83,0,0.031356
DMSO,DMSO,-,83,50,0.230944
DMSO,DMSO,-,83,100,0.353265
DMSO,DMSO,-,83,150,0.385084
DMSO,DMSO,-,83,200,0.419621
DMSO,DMSO,-,83,250,0.442003
DMSO,DMSO,-,83,300,0.43132
DMSO,DMSO,-,83,350,0.416406
DMSO,DMSO,-,83,400,0.451047
DMSO,DMSO,-,83,450,0.357476
DMSO,DMSO,-,83,500,0.456295
DMSO,DMSO,-,83,550,0.331174
DMSO,DMSO,-,83,600,0.267369
DMSO,DMSO,-,83,650,0.297529
DMSO,DMSO,-,83,700,0.252185
DMSO,DMSO,-,83,750,0.231567
DMSO,DMSO,-,83,800,0.159962
DMSO,DMSO,-,83,850,0.168612
DMSO,DMSO,-,83,900,0.14986
DMSO,DMSO,-,83,950,0.194333
DMSO,DMSO,-,83,1000,0.156083
DMSO,DMSO,-,83,1050,0.163011
DMSO,DMSO,-,83,1100,0.114037
DMSO,DMSO,-,83,1150,0.165666
DMSO,DMSO,-,83,1200,0.133515
DMSO,DMSO,-,83,1250,0.091199
DMSO,DMSO,-,83,1300,0.108603
DMSO,DMSO,-,83,1350,0.108727
DMSO,DMSO,-,83,1400,0.047971
DMSO,DMSO,-,83,1450,0.081969
DMSO,DMSO,-,83,1500,0.091573
DMSO,DMSO,-,83,1550,0.091324
DMSO,DMSO,-,83,1600,0.11103
DMSO,DMSO,-,83,1650,0.085786
DMSO,DMSO,-,83,1700,0.061039
DMSO,DMSO,-,83,1750,0.04152
DMSO,DMSO,-,83,1800,0.081409
DMSO,DMSO,-,84,0,0.045085
DMSO,DMSO,-,84,50,0.133343
DMSO,DMSO,-,84,100,0.21005
DMSO,DMSO,-,84,150,0.261167
DMSO,DMSO,-,84,200,0.259003
DMSO,DMSO,-,84,250,0.386611
DMSO,DMSO,-,84,300,0.313689
DMSO,DMSO,-,84,350,0.345856
DMSO,DMSO,-,84,400,0.419729
DMSO,DMSO,-,84,450,0.300926
DMSO,DMSO,-,84,500,0.280614
DMSO,DMSO,-,84,550,0.242109
DMSO,DMSO,-,84,600,0.235944
DMSO,DMSO,-,84,650,0.179527
DMSO,DMSO,-,84,700,0.216951
DMSO,DMSO,-,84,750,0.163325
DMSO,DMSO,-,84,800,0.1834
DMSO,DMSO,-,84,850,0.146993
DMSO,DMSO,-,84,900,0.125599
DMSO,DMSO,-,84,950,0.153266
DMSO,DMSO,-,84,1000,0.171653
DMSO,DMSO,-,84,1050,0.091226
DMSO,DMSO,-,84,1100,0.055014
DMSO,DMSO,-,84,1150,0.072665
DMSO,DMSO,-,84,1200,0.044371
DMSO,DMSO,-,84,1250,0.063169
DMSO,DMSO,-,84,1300,0.052093
DMSO,DMSO,-,84,1350,0.097802
DMSO,DMSO,-,84,1400,0.060119
DMSO,DMSO,-,84,1450,0.054213
DMSO,DMSO,-,84,1500,0.041213
DMSO,DMSO,-,84,1550,0.045734
DMSO,DMSO,-,84,1600,0.0604
DMSO,DMSO,-,84,1650,0.006234
DMSO,DMSO,-,84,1700,0.002708
DMSO,DMSO,-,84,1750,0.029596
DMSO,DMSO,-,84,1800,0.021636
DMSO,DMSO,-,85,0,0.036301
DMSO,DMSO,-,85,50,0.247579
DMSO,DMSO,-,85,100,0.719095
DMSO,DMSO,-,85,150,0.830088
DMSO,DMSO,-,85,200,0.788068
DMSO,DMSO,-,85,250,0.763846
DMSO,DMSO,-,85,300,0.664891
DMSO,DMSO,-,85,350,0.696202
DMSO,DMSO,-,85,400,0.592077
DMSO,DMSO,-,85,450,0.53359
DMSO,DMSO,-,85,500,0.469269
DMSO,DMSO,-,85,550,0.49962
DMSO,DMSO,-,85,600,0.413293
DMSO,DMSO,-,85,650,0.409379
DMSO,DMSO,-,85,700,0.407606
DMSO,DMSO,-,85,750,0.381464
DMSO,DMSO,-,85,800,0.30134
DMSO,DMSO,-,85,850,0.320688
DMSO,DMSO,-,85,900,0.29137
DMSO,DMSO,-,85,950,0.291444
DMSO,DMSO,-,85,1000,0.25068
DMSO,DMSO,-,85,1050,0.289229
DMSO,DMSO,-,85,1100,0.235099
DMSO,DMSO,-,85,1150,0.254077
DMSO,DMSO,-,85,1200,0.219074
DMSO,DMSO,-,85,1250,0.204304
DMSO,DMSO,-,85,1300,0.240859
DMSO,DMSO,-,85,1350,0.219369
DMSO,DMSO,-,85,1400,0.228822
DMSO,DMSO,-,85,1450,0.189978
DMSO,DMSO,-,85,1500,0.221585
DMSO,DMSO,-,85,1550,0.198249
DMSO,DMSO,-,85,1600,0.239234
DMSO,DMSO,-,85,1650,0.17063
DMSO,DMSO,-,85,1700,0.154679
DMSO,DMSO,-,85,1750,0.172402
DMSO,DMSO,-,85,1800,0.15431
DMSO,DMSO,-,86,0,-0.01186
DMSO,DMSO,-,86,50,0.366545
DMSO,DMSO,-,86,100,0.72295
DMSO,DMSO,-,86,150,0.749351
DMSO,DMSO,-,86,200,0.677002
DMSO,DMSO,-,86,250,0.644615
DMSO,DMSO,-,86,300,0.615113
DMSO,DMSO,-,86,350,0.513262
DMSO,DMSO,-,86,400,0.484409
DMSO,DMSO,-,86,450,0.42288
DMSO,DMSO,-,86,500,0.407588
DMSO,DMSO,-,86,550,0.391647
DMSO,DMSO,-,86,600,0.366834
DMSO,DMSO,-,86,650,0.341587
DMSO,DMSO,-,86,700,0.316269
DMSO,DMSO,-,86,750,0.31901
DMSO,DMSO,-,86,800,0.253875
DMSO,DMSO,-,86,850,0.247815
DMSO,DMSO,-,86,900,0.209585
DMSO,DMSO,-,86,950,0.250917
DMSO,DMSO,-,86,1000,0.234615
DMSO,DMSO,-,86,1050,0.197251
DMSO,DMSO,-,86,1100,0.202805
DMSO,DMSO,-,86,1150,0.228773
DMSO,DMSO,-,86,1200,0.236707
DMSO,DMSO,-,86,1250,0.178208
DMSO,DMSO,-,86,1300,0.190615
DMSO,DMSO,-,86,1350,0.178641
DMSO,DMSO,-,86,1400,0.174024
DMSO,DMSO,-,86,1450,0.13904
DMSO,DMSO,-,86,1500,0.139689
DMSO,DMSO,-,86,1550,0.10759
DMSO,DMSO,-,86,1600,0.131033
DMSO,DMSO,-,86,1650,0.181454
DMSO,DMSO,-,86,1700,0.126778
DMSO,DMSO,-,86,1750,0.120935
DMSO,DMSO,-,86,1800,0.172004
DMSO,DMSO,-,87,0,0.024337
DMSO,DMSO,-,87,50,0.359284
DMSO,DMSO,-,87,100,0.684299
DMSO,DMSO,-,87,150,0.705329
DMSO,DMSO,-,87,200,0.646621
DMSO,DMSO,-,87,250,0.640633
DMSO,DMSO,-,87,300,0.556294
DMSO,DMSO,-,87,350,0.554395
DMSO,DMSO,-,87,400,0.391997
DMSO,DMSO,-,87,450,0.401417
DMSO,DMSO,-,87,500,0.407258
DMSO,DMSO,-,87,550,0.32825
DMSO,DMSO,-,87,600,0.353223
DMSO,DMSO,-,87,650,0.298384
DMSO,DMSO,-,87,700,0.268811
DMSO,DMSO,-,87,750,0.267496
DMSO,DMSO,-,87,800,0.286117
DMSO,DMSO,-,87,850,0.216163
DMSO,DMSO,-,87,900,0.246904
DMSO,DMSO,-,87,950,0.211124
DMSO,DMSO,-,87,1000,0.221274
DMSO,DMSO,-,87,1050,0.209299
DMSO,DMSO,-,87,1100,0.192431
DMSO,DMSO,-,87,1150,0.20594
DMSO,DMSO,-,87,1200,0.219303
DMSO,DMSO,-,87,1250,0.250263
DMSO,DMSO,-,87,1300,0.197177
DMSO,DMSO,-,87,1350,0.188488
DMSO,DMSO,-,87,1400,0.158695
DMSO,DMSO,-,87,1450,0.168845
DMSO,DMSO,-,87,1500,0.132773
DMSO,DMSO,-,87,1550,0.156139
DMSO,DMSO,-,87,1600,0.173518
DMSO,DMSO,-,87,1650,0.132773
DMSO,DMSO,-,87,1700,0.124229
DMSO,DMSO,-,87,1750,0.114079
DMSO,DMSO,-,87,1800,0.122696
DMSO,DMSO,-,88,0,0.00157
DMSO,DMSO,-,88,50,0.520405
DMSO,DMSO,-,88,100,0.701127
DMSO,DMSO,-,88,150,0.657606
DMSO,DMSO,-,88,200,0.613656
DMSO,DMSO,-,88,250,0.580979
DMSO,DMSO,-,88,300,0.51855
DMSO,DMSO,-,88,350,0.460902
DMSO,DMSO,-,88,400,0.465183
DMSO,DMSO,-,88,450,0.431221
DMSO,DMSO,-,88,500,0.34161
DMSO,DMSO,-,88,550,0.303867
DMSO,DMSO,-,88,600,0.303867
DMSO,DMSO,-,88,650,0.284247
DMSO,DMSO,-,88,700,0.289883
DMSO,DMSO,-,88,750,0.263271
DMSO,DMSO,-,88,800,0.231521
DMSO,DMSO,-,88,850,0.197774
DMSO,DMSO,-,88,900,0.183861
DMSO,DMSO,-,88,950,0.246361
DMSO,DMSO,-,88,1000,0.228953
DMSO,DMSO,-,88,1050,0.174443
DMSO,DMSO,-,88,1100,0.194349
DMSO,DMSO,-,88,1150,0.155893
DMSO,DMSO,-,88,1200,0.195348
DMSO,DMSO,-,88,1250,0.174872
DMSO,DMSO,-,88,1300,0.167951
DMSO,DMSO,-,88,1350,0.157035
DMSO,DMSO,-,88,1400,0.148259
DMSO,DMSO,-,88,1450,0.171732
DMSO,DMSO,-,88,1500,0.175728
DMSO,DMSO,-,88,1550,0.179652
DMSO,DMSO,-,88,1600,0.123787
DMSO,DMSO,-,88,1650,0.097674
DMSO,DMSO,-,88,1700,0.091824
DMSO,DMSO,-,88,1750,0.164384
DMSO,DMSO,-,88,1800,0.114655
DMSO,DMSO,-,89,0,0.04393
DMSO,DMSO,-,89,50,0.584949
DMSO,DMSO,-,89,100,0.752856
DMSO,DMSO,-,89,150,0.737967
DMSO,DMSO,-,89,200,0.680991
DMSO,DMSO,-,89,250,0.59431
DMSO,DMSO,-,89,300,0.608019
DMSO,DMSO,-,89,350,0.479177
DMSO,DMSO,-,89,400,0.456402
DMSO,DMSO,-,89,450,0.403848
DMSO,DMSO,-,89,500,0.380703
DMSO,DMSO,-,89,550,0.362792
DMSO,DMSO,-,89,600,0.350409
DMSO,DMSO,-,89,650,0.270141
DMSO,DMSO,-,89,700,0.28105
DMSO,DMSO,-,89,750,0.278912
DMSO,DMSO,-,89,800,0.241173
DMSO,DMSO,-,89,850,0.281344
DMSO,DMSO,-,89,900,0.271762
DMSO,DMSO,-,89,950,0.240805
DMSO,DMSO,-,89,1000,0.237046
DMSO,DMSO,-,89,1050,0.218029
DMSO,DMSO,-,89,1100,0.236677
DMSO,DMSO,-,89,1150,0.192968
DMSO,DMSO,-,89,1200,0.207047
DMSO,DMSO,-,89,1250,0.206457
DMSO,DMSO,-,89,1300,0.239847
DMSO,DMSO,-,89,1350,0.186261
DMSO,DMSO,-,89,1400,0.19142
DMSO,DMSO,-,89,1450,0.180438
DMSO,DMSO,-,89,1500,0.147122
DMSO,DMSO,-,89,1550,0.153829
DMSO,DMSO,-,89,1600,0.14808
DMSO,DMSO,-,89,1650,0.148375
DMSO,DMSO,-,89,1700,0.138424
DMSO,DMSO,-,89,1750,0.135844
DMSO,DMSO,-,89,1800,0.146827
DMSO,DMSO,-,90,0,-0.00123
DMSO,DMSO,-,90,50,0.735461
DMSO,DMSO,-,90,100,0.80978
DMSO,DMSO,-,90,150,0.76107
DMSO,DMSO,-,90,200,0.701438
DMSO,DMSO,-,90,250,0.661363
DMSO,DMSO,-,90,300,0.590144
DMSO,DMSO,-,90,350,0.555605
DMSO,DMSO,-,90,400,0.438997
DMSO,DMSO,-,90,450,0.432724
DMSO,DMSO,-,90,500,0.428517
DMSO,DMSO,-,90,550,0.350213
DMSO,DMSO,-,90,600,0.308441
DMSO,DMSO,-,90,650,0.333165
DMSO,DMSO,-,90,700,0.3094
DMSO,DMSO,-,90,750,0.285267
DMSO,DMSO,-,90,800,0.219731
DMSO,DMSO,-,90,850,0.268145
DMSO,DMSO,-,90,900,0.240395
DMSO,DMSO,-,90,950,0.2139
DMSO,DMSO,-,90,1000,0.200985
DMSO,DMSO,-,90,1050,0.187184
DMSO,DMSO,-,90,1100,0.226447
DMSO,DMSO,-,90,1150,0.195671
DMSO,DMSO,-,90,1200,0.242314
DMSO,DMSO,-,90,1250,0.170578
DMSO,DMSO,-,90,1300,0.206889
DMSO,DMSO,-,90,1350,0.198771
DMSO,DMSO,-,90,1400,0.176261
DMSO,DMSO,-,90,1450,0.149249
DMSO,DMSO,-,90,1500,0.166371
DMSO,DMSO,-,90,1550,0.144305
DMSO,DMSO,-,90,1600,0.176261
DMSO,DMSO,-,90,1650,0.163493
DMSO,DMSO,-,90,1700,0.182608
DMSO,DMSO,-,90,1750,0.125411
DMSO,DMSO,-,90,1800,0.193531
